Year,PM10_AbuDhabi_Avg,PM10_Dubai_Avg
2011,158.1,186.25
2013,138.0,74.42857142857143
2014,106.1,86.42857142857143
2015,142.05263157894737,90.14285714285714
2016,123.63157894736842,113.5
2017,122.15789473684211,120.75
2018,134.21052631578948,118.0
2019,108.52631578947368,122.0
2020,111.48571428571428,105.872
2021,119.03743523423985,121.2286532259017
2022,143.72358134285713,129.80408525454547
